{"cameraMode":{"drawMode":0,"name":"Shaded","section":"Shading Mode"},"sceneLighting":true,"audioPlay":false,"sceneViewState":{"m_AlwaysRefresh":false,"showFog":true,"showSkybox":true,"showFlares":true,"showImageEffects":true,"showParticleSystems":true,"showVisualEffectGraphs":true,"m_FxEnabled":true},"in2DMode":false,"pivot":{"x":23.865419387817384,"y":3.446075439453125,"z":-9.541540145874024},"rotation":{"x":-0.14527541399002076,"y":-0.015733670443296434,"z":0.0023106129374355079,"w":-0.9892638921737671},"size":1.4315000772476197,"orthographic":false}